Mentor_Name,Expertise,Experience
Arjun Iyer,"Data Engineering,Spark,Hadoop",5
Rahul Reddy,"Java Backend,Spring Boot",10
Arjun Verma,"Java Backend,Spring Boot",1
Vikas Kumar,"SQL,Data Analysis,Excel",6
Priya Iyer,"Java Backend,Spring Boot",6
Sneha Singh,"Web Development,React,Node",4
Kavita Das,"Data Engineering,Spark,Hadoop",14
Kavita Verma,"Cyber Security,Ethical Hacking",14
Sneha Kumar,"Python,Machine Learning,Data Science",3
Kiran Agarwal,"Cloud Computing,AWS,Azure",8
Anita Singh,"DevOps,Docker,Kubernetes",9
Rahul Agarwal,"Cyber Security,Ethical Hacking",1
Amit Gupta,"Python,Machine Learning,Data Science",4
Neha Gupta,"Java Backend,Spring Boot",13
Sneha Verma,"Data Engineering,Spark,Hadoop",10
Pooja Singh,"Data Engineering,Spark,Hadoop",1
Kiran Gupta,"Cyber Security,Ethical Hacking",10
Rohan Patel,"Data Engineering,Spark,Hadoop",11
Kiran Das,"Cloud Computing,AWS,Azure",10
Kavita Reddy,"Java Backend,Spring Boot",5
Deepak Patel,"Java Backend,Spring Boot",2
Arjun Sharma,"Data Engineering,Spark,Hadoop",10
Arjun Reddy,"Mobile App Development,Flutter",4
Kavita Mehta,"AI,Deep Learning,NLP",9
Sneha Reddy,"AI,Deep Learning,NLP",3
Suresh Patel,"Web Development,React,Node",9
Suresh Reddy,"Java Backend,Spring Boot",8
Neha Iyer,"Web Development,React,Node",12
Sneha Chopra,"Python,Machine Learning,Data Science",7
Rohan Reddy,"Mobile App Development,Flutter",14
Rahul Singh,"DevOps,Docker,Kubernetes",7
Suresh Singh,"AI,Deep Learning,NLP",8
Deepak Das,"Python,Machine Learning,Data Science",12
Kavita Mehta,"Python,Machine Learning,Data Science",2
Kavita Singh,"Python,Machine Learning,Data Science",12
Kiran Patel,"Python,Machine Learning,Data Science",4
Amit Sharma,"DevOps,Docker,Kubernetes",8
Amit Iyer,"DevOps,Docker,Kubernetes",10
Rohan Mehta,"Mobile App Development,Flutter",3
Deepak Kumar,"DevOps,Docker,Kubernetes",9
Neha Chopra,"SQL,Data Analysis,Excel",1
Pooja Chopra,"Java Backend,Spring Boot",6
Anita Iyer,"Mobile App Development,Flutter",5
Kavita Singh,"Mobile App Development,Flutter",11
Kiran Gupta,"Cloud Computing,AWS,Azure",9
Sneha Chopra,"AI,Deep Learning,NLP",3
Arjun Reddy,"Cloud Computing,AWS,Azure",9
Amit Das,"Mobile App Development,Flutter",13
Rahul Reddy,"AI,Deep Learning,NLP",1
Rahul Chopra,"Python,Machine Learning,Data Science",1
Amit Mehta,"AI,Deep Learning,NLP",14
Deepak Singh,"Python,Machine Learning,Data Science",3
Deepak Chopra,"SQL,Data Analysis,Excel",12
Kiran Mehta,"Python,Machine Learning,Data Science",8
Arjun Sharma,"Web Development,React,Node",4
Rohan Mehta,"DevOps,Docker,Kubernetes",3
Deepak Patel,"Cyber Security,Ethical Hacking",1
Manish Agarwal,"Web Development,React,Node",15
Anita Reddy,"SQL,Data Analysis,Excel",3
Kavita Iyer,"SQL,Data Analysis,Excel",2
Rahul Singh,"AI,Deep Learning,NLP",14
Priya Gupta,"Cyber Security,Ethical Hacking",6
Arjun Verma,"DevOps,Docker,Kubernetes",1
Pooja Das,"Python,Machine Learning,Data Science",3
Sneha Agarwal,"Cloud Computing,AWS,Azure",3
Pooja Mehta,"Mobile App Development,Flutter",14
Deepak Reddy,"Cloud Computing,AWS,Azure",9
Amit Mehta,"SQL,Data Analysis,Excel",4
Sneha Verma,"Cyber Security,Ethical Hacking",14
Amit Patel,"Data Engineering,Spark,Hadoop",2
Manish Iyer,"Cloud Computing,AWS,Azure",1
Kavita Mehta,"Data Engineering,Spark,Hadoop",5
Priya Patel,"Web Development,React,Node",15
Pooja Sharma,"SQL,Data Analysis,Excel",7
Kavita Patel,"Cloud Computing,AWS,Azure",7
Amit Singh,"AI,Deep Learning,NLP",6
Kavita Iyer,"Cloud Computing,AWS,Azure",3
Rahul Sharma,"Data Engineering,Spark,Hadoop",15
Anita Verma,"SQL,Data Analysis,Excel",7
Suresh Kumar,"DevOps,Docker,Kubernetes",15
Kiran Das,"DevOps,Docker,Kubernetes",13
Deepak Singh,"Web Development,React,Node",14
Priya Mehta,"Mobile App Development,Flutter",8
Kiran Reddy,"Java Backend,Spring Boot",3
Kavita Verma,"Python,Machine Learning,Data Science",9
Pooja Iyer,"SQL,Data Analysis,Excel",4
Pooja Das,"Java Backend,Spring Boot",11
Manish Verma,"Cloud Computing,AWS,Azure",7
Arjun Das,"Java Backend,Spring Boot",10
Kavita Gupta,"Mobile App Development,Flutter",12
Suresh Verma,"DevOps,Docker,Kubernetes",10
Rahul Singh,"Python,Machine Learning,Data Science",5
Sneha Agarwal,"Data Engineering,Spark,Hadoop",8
Amit Sharma,"Cyber Security,Ethical Hacking",2
Kavita Iyer,"Java Backend,Spring Boot",13
Priya Gupta,"Cyber Security,Ethical Hacking",11
Rohan Chopra,"DevOps,Docker,Kubernetes",10
Deepak Reddy,"Cloud Computing,AWS,Azure",10
Rohan Gupta,"SQL,Data Analysis,Excel",4
Priya Das,"Python,Machine Learning,Data Science",15
Rohan Reddy,"Cloud Computing,AWS,Azure",4
Vikas Iyer,"Mobile App Development,Flutter",4
Rohan Iyer,"Java Backend,Spring Boot",6
Priya Gupta,"Mobile App Development,Flutter",9
Amit Agarwal,"Mobile App Development,Flutter",1
Vikas Agarwal,"SQL,Data Analysis,Excel",3
Amit Iyer,"Data Engineering,Spark,Hadoop",6
Rohan Patel,"Cloud Computing,AWS,Azure",1
Rohan Singh,"Cyber Security,Ethical Hacking",2
Vikas Iyer,"SQL,Data Analysis,Excel",3
Rohan Singh,"Java Backend,Spring Boot",15
Suresh Agarwal,"Data Engineering,Spark,Hadoop",9
Rahul Sharma,"Python,Machine Learning,Data Science",13
Deepak Gupta,"Python,Machine Learning,Data Science",4
Suresh Iyer,"SQL,Data Analysis,Excel",4
Kiran Iyer,"AI,Deep Learning,NLP",13
Neha Das,"Python,Machine Learning,Data Science",13
Pooja Agarwal,"Mobile App Development,Flutter",3
Kavita Das,"Cyber Security,Ethical Hacking",10
Amit Chopra,"Python,Machine Learning,Data Science",11
Rahul Patel,"Web Development,React,Node",7
Neha Mehta,"Python,Machine Learning,Data Science",3
Priya Mehta,"DevOps,Docker,Kubernetes",13
Sneha Kumar,"AI,Deep Learning,NLP",6
Rohan Singh,"Java Backend,Spring Boot",6
Manish Das,"Python,Machine Learning,Data Science",6
Sneha Chopra,"Java Backend,Spring Boot",13
Deepak Verma,"Java Backend,Spring Boot",7
Kavita Verma,"Data Engineering,Spark,Hadoop",7
Deepak Mehta,"Web Development,React,Node",15
Anita Das,"Data Engineering,Spark,Hadoop",13
Manish Reddy,"Mobile App Development,Flutter",11
Manish Gupta,"SQL,Data Analysis,Excel",10
Priya Patel,"AI,Deep Learning,NLP",1
Amit Kumar,"Cloud Computing,AWS,Azure",11
Arjun Agarwal,"Java Backend,Spring Boot",8
Suresh Singh,"Web Development,React,Node",13
Amit Verma,"SQL,Data Analysis,Excel",8
Manish Kumar,"Data Engineering,Spark,Hadoop",2
Rohan Mehta,"Data Engineering,Spark,Hadoop",13
Vikas Singh,"DevOps,Docker,Kubernetes",13
Arjun Verma,"Python,Machine Learning,Data Science",4
Amit Kumar,"Cloud Computing,AWS,Azure",2
Priya Chopra,"Data Engineering,Spark,Hadoop",11
Kavita Patel,"Mobile App Development,Flutter",9
Suresh Iyer,"Data Engineering,Spark,Hadoop",10
Deepak Mehta,"SQL,Data Analysis,Excel",7
Priya Sharma,"Mobile App Development,Flutter",1
Rohan Reddy,"Mobile App Development,Flutter",4
Kiran Chopra,"Python,Machine Learning,Data Science",1
Amit Sharma,"SQL,Data Analysis,Excel",2
Priya Das,"Java Backend,Spring Boot",12
Priya Chopra,"Cloud Computing,AWS,Azure",12
Pooja Sharma,"Cyber Security,Ethical Hacking",10
Vikas Patel,"Cyber Security,Ethical Hacking",14
Vikas Das,"Web Development,React,Node",1
Amit Singh,"SQL,Data Analysis,Excel",10
Deepak Mehta,"DevOps,Docker,Kubernetes",5
Deepak Patel,"Data Engineering,Spark,Hadoop",2
Rohan Gupta,"Web Development,React,Node",12
Vikas Agarwal,"AI,Deep Learning,NLP",12
Pooja Das,"Cloud Computing,AWS,Azure",5
Amit Kumar,"Cyber Security,Ethical Hacking",3
Rohan Das,"Mobile App Development,Flutter",11
Manish Singh,"Java Backend,Spring Boot",3
Deepak Chopra,"Data Engineering,Spark,Hadoop",2
Priya Kumar,"Cloud Computing,AWS,Azure",11
Manish Chopra,"Java Backend,Spring Boot",1
Kavita Agarwal,"Web Development,React,Node",8
Deepak Gupta,"Data Engineering,Spark,Hadoop",3
Vikas Verma,"Java Backend,Spring Boot",15
Suresh Gupta,"Cloud Computing,AWS,Azure",2
Vikas Kumar,"SQL,Data Analysis,Excel",15
Amit Singh,"Cyber Security,Ethical Hacking",9
Neha Verma,"Data Engineering,Spark,Hadoop",2
Kavita Kumar,"Cyber Security,Ethical Hacking",2
Amit Singh,"Java Backend,Spring Boot",2
Vikas Gupta,"Data Engineering,Spark,Hadoop",8
Kavita Chopra,"Cyber Security,Ethical Hacking",8
Neha Iyer,"Mobile App Development,Flutter",8
Suresh Chopra,"Java Backend,Spring Boot",7
Neha Verma,"Data Engineering,Spark,Hadoop",13
Rohan Verma,"AI,Deep Learning,NLP",10
Manish Reddy,"Java Backend,Spring Boot",1
Sneha Kumar,"DevOps,Docker,Kubernetes",9
Sneha Chopra,"Mobile App Development,Flutter",3
Sneha Verma,"SQL,Data Analysis,Excel",10
Pooja Iyer,"AI,Deep Learning,NLP",12
Manish Mehta,"Web Development,React,Node",7
Anita Sharma,"Cloud Computing,AWS,Azure",4
Amit Patel,"Python,Machine Learning,Data Science",5
Deepak Gupta,"SQL,Data Analysis,Excel",12
Neha Singh,"DevOps,Docker,Kubernetes",10
Amit Patel,"Web Development,React,Node",2
Priya Sharma,"Cyber Security,Ethical Hacking",12
Rahul Kumar,"DevOps,Docker,Kubernetes",2
Deepak Chopra,"Mobile App Development,Flutter",8
Kavita Verma,"Python,Machine Learning,Data Science",10
Arjun Mehta,"Data Engineering,Spark,Hadoop",11
Priya Chopra,"Mobile App Development,Flutter",13
Suresh Singh,"Data Engineering,Spark,Hadoop",14
Rohan Verma,"AI,Deep Learning,NLP",3
Kiran Singh,"Mobile App Development,Flutter",6
Kavita Kumar,"AI,Deep Learning,NLP",15
Deepak Iyer,"Java Backend,Spring Boot",5
Pooja Chopra,"Python,Machine Learning,Data Science",5
Vikas Sharma,"DevOps,Docker,Kubernetes",7
Priya Reddy,"DevOps,Docker,Kubernetes",1
Amit Agarwal,"Mobile App Development,Flutter",11
Amit Verma,"Web Development,React,Node",2
Sneha Das,"SQL,Data Analysis,Excel",2
Rohan Mehta,"Java Backend,Spring Boot",6
Rahul Verma,"DevOps,Docker,Kubernetes",11
Manish Singh,"AI,Deep Learning,NLP",13
Neha Chopra,"Web Development,React,Node",7
Deepak Das,"Web Development,React,Node",8
Priya Agarwal,"Web Development,React,Node",7
Arjun Agarwal,"Java Backend,Spring Boot",11
Rohan Gupta,"Web Development,React,Node",3
Arjun Sharma,"Java Backend,Spring Boot",7
Priya Mehta,"Java Backend,Spring Boot",4
Suresh Agarwal,"Cloud Computing,AWS,Azure",15
Rahul Sharma,"Python,Machine Learning,Data Science",7
Amit Singh,"Mobile App Development,Flutter",14
Vikas Iyer,"Cloud Computing,AWS,Azure",12
Kavita Chopra,"Java Backend,Spring Boot",6
Rahul Mehta,"Python,Machine Learning,Data Science",14
Sneha Das,"SQL,Data Analysis,Excel",13
Kiran Gupta,"Cyber Security,Ethical Hacking",12
Manish Verma,"Cyber Security,Ethical Hacking",9
Neha Kumar,"Cyber Security,Ethical Hacking",10
Rahul Singh,"Cyber Security,Ethical Hacking",8
Rohan Gupta,"SQL,Data Analysis,Excel",14
Priya Chopra,"SQL,Data Analysis,Excel",2
Vikas Kumar,"DevOps,Docker,Kubernetes",8
Neha Das,"SQL,Data Analysis,Excel",10
Neha Iyer,"Web Development,React,Node",2
Rahul Iyer,"Python,Machine Learning,Data Science",10
Kiran Chopra,"Cyber Security,Ethical Hacking",14
Sneha Agarwal,"Web Development,React,Node",15
Suresh Mehta,"Mobile App Development,Flutter",3
Deepak Patel,"AI,Deep Learning,NLP",13
Kiran Verma,"SQL,Data Analysis,Excel",12
Kavita Chopra,"Cyber Security,Ethical Hacking",5
Arjun Mehta,"Web Development,React,Node",1
Priya Patel,"Python,Machine Learning,Data Science",15
Kavita Patel,"AI,Deep Learning,NLP",7
Vikas Singh,"DevOps,Docker,Kubernetes",13
Deepak Singh,"Mobile App Development,Flutter",3
Deepak Kumar,"Web Development,React,Node",9
Deepak Mehta,"Mobile App Development,Flutter",6
Priya Verma,"AI,Deep Learning,NLP",13
Pooja Chopra,"Mobile App Development,Flutter",4
Rahul Chopra,"Mobile App Development,Flutter",9
Kiran Verma,"Cyber Security,Ethical Hacking",1
Suresh Singh,"Python,Machine Learning,Data Science",2
Rohan Iyer,"Data Engineering,Spark,Hadoop",10
Kavita Singh,"Data Engineering,Spark,Hadoop",12
Sneha Kumar,"SQL,Data Analysis,Excel",10
Neha Sharma,"Web Development,React,Node",7
Anita Mehta,"Python,Machine Learning,Data Science",3
Kavita Agarwal,"Web Development,React,Node",8
Rohan Sharma,"Mobile App Development,Flutter",3
Priya Chopra,"Cyber Security,Ethical Hacking",14
Suresh Verma,"Data Engineering,Spark,Hadoop",14
Deepak Patel,"Cyber Security,Ethical Hacking",7
Kavita Kumar,"Cloud Computing,AWS,Azure",10
Sneha Gupta,"AI,Deep Learning,NLP",1
Deepak Sharma,"Cloud Computing,AWS,Azure",8
Sneha Das,"SQL,Data Analysis,Excel",11
Deepak Das,"Cloud Computing,AWS,Azure",15
Amit Das,"AI,Deep Learning,NLP",13
Sneha Das,"Cloud Computing,AWS,Azure",2
Rohan Reddy,"Web Development,React,Node",10
Kiran Sharma,"Python,Machine Learning,Data Science",10
Anita Iyer,"Mobile App Development,Flutter",6
Kavita Singh,"Web Development,React,Node",3
Pooja Reddy,"Data Engineering,Spark,Hadoop",1
Neha Mehta,"Python,Machine Learning,Data Science",15
Kiran Iyer,"AI,Deep Learning,NLP",11
Manish Singh,"Web Development,React,Node",7
Arjun Chopra,"Cyber Security,Ethical Hacking",6
Rahul Singh,"Python,Machine Learning,Data Science",15
Manish Singh,"Python,Machine Learning,Data Science",13
Pooja Gupta,"Cloud Computing,AWS,Azure",6
Neha Verma,"Mobile App Development,Flutter",9
Rohan Iyer,"Cyber Security,Ethical Hacking",11
Arjun Iyer,"DevOps,Docker,Kubernetes",1
Rohan Iyer,"Python,Machine Learning,Data Science",1
Anita Sharma,"DevOps,Docker,Kubernetes",14
Kavita Verma,"Cloud Computing,AWS,Azure",3
Pooja Agarwal,"Mobile App Development,Flutter",11
Suresh Agarwal,"Data Engineering,Spark,Hadoop",8
Kavita Sharma,"Mobile App Development,Flutter",4
Rohan Kumar,"Cloud Computing,AWS,Azure",1
Amit Sharma,"AI,Deep Learning,NLP",15
Anita Das,"AI,Deep Learning,NLP",6
Rohan Iyer,"Cloud Computing,AWS,Azure",10
Pooja Sharma,"Python,Machine Learning,Data Science",9
Kavita Das,"Mobile App Development,Flutter",2
Sneha Singh,"Java Backend,Spring Boot",9
Vikas Das,"Web Development,React,Node",11
Rohan Verma,"Python,Machine Learning,Data Science",10
Kavita Reddy,"Web Development,React,Node",13
Rahul Agarwal,"AI,Deep Learning,NLP",14
Priya Agarwal,"Web Development,React,Node",7
Rohan Reddy,"Cyber Security,Ethical Hacking",15
Kiran Verma,"SQL,Data Analysis,Excel",13
Kiran Reddy,"DevOps,Docker,Kubernetes",15
Rahul Gupta,"Data Engineering,Spark,Hadoop",13
Manish Agarwal,"Web Development,React,Node",6
Pooja Kumar,"Python,Machine Learning,Data Science",8
Suresh Agarwal,"Web Development,React,Node",12
Suresh Verma,"DevOps,Docker,Kubernetes",11
Kiran Chopra,"Python,Machine Learning,Data Science",6
Kavita Verma,"Cyber Security,Ethical Hacking",7
Suresh Gupta,"Cyber Security,Ethical Hacking",4
Kavita Patel,"Mobile App Development,Flutter",10
Sneha Patel,"Data Engineering,Spark,Hadoop",3
Anita Sharma,"Mobile App Development,Flutter",14
Pooja Mehta,"Cloud Computing,AWS,Azure",8
Arjun Iyer,"Cloud Computing,AWS,Azure",14
Priya Mehta,"Data Engineering,Spark,Hadoop",1
Arjun Patel,"Web Development,React,Node",2
Pooja Kumar,"Java Backend,Spring Boot",13
Kavita Das,"DevOps,Docker,Kubernetes",4
Kiran Kumar,"AI,Deep Learning,NLP",15
Pooja Sharma,"DevOps,Docker,Kubernetes",8
Pooja Mehta,"SQL,Data Analysis,Excel",3
Sneha Singh,"Data Engineering,Spark,Hadoop",4
Kiran Iyer,"SQL,Data Analysis,Excel",7
Manish Agarwal,"Mobile App Development,Flutter",3
Kiran Singh,"Cloud Computing,AWS,Azure",7
Rohan Chopra,"Mobile App Development,Flutter",7
Priya Gupta,"Cyber Security,Ethical Hacking",1
Vikas Chopra,"Data Engineering,Spark,Hadoop",4
Pooja Mehta,"SQL,Data Analysis,Excel",6
Kavita Verma,"Cyber Security,Ethical Hacking",6
Sneha Iyer,"Cloud Computing,AWS,Azure",7
Neha Reddy,"Web Development,React,Node",15
Priya Chopra,"Mobile App Development,Flutter",4
Suresh Patel,"SQL,Data Analysis,Excel",7
Neha Sharma,"Cloud Computing,AWS,Azure",4
Kiran Iyer,"Python,Machine Learning,Data Science",1
Sneha Mehta,"Web Development,React,Node",5
Pooja Kumar,"Java Backend,Spring Boot",4
Amit Singh,"SQL,Data Analysis,Excel",6
Neha Das,"Data Engineering,Spark,Hadoop",13
Priya Agarwal,"Python,Machine Learning,Data Science",9
Vikas Singh,"AI,Deep Learning,NLP",9
Neha Gupta,"Cyber Security,Ethical Hacking",12
Kavita Sharma,"Mobile App Development,Flutter",9
Suresh Agarwal,"Web Development,React,Node",9
Priya Reddy,"Data Engineering,Spark,Hadoop",6
Kiran Mehta,"Cloud Computing,AWS,Azure",5
Kiran Reddy,"Web Development,React,Node",4
Amit Sharma,"Cloud Computing,AWS,Azure",14
Deepak Mehta,"AI,Deep Learning,NLP",5
Amit Iyer,"AI,Deep Learning,NLP",14
Rohan Das,"Data Engineering,Spark,Hadoop",6
Pooja Patel,"Cyber Security,Ethical Hacking",13
Rahul Kumar,"Cyber Security,Ethical Hacking",3
Sneha Chopra,"AI,Deep Learning,NLP",8
Amit Gupta,"SQL,Data Analysis,Excel",14
Anita Kumar,"AI,Deep Learning,NLP",6
Kavita Sharma,"Mobile App Development,Flutter",3
Suresh Patel,"DevOps,Docker,Kubernetes",4
Kavita Sharma,"Web Development,React,Node",9
Suresh Reddy,"AI,Deep Learning,NLP",15
Manish Verma,"SQL,Data Analysis,Excel",11
Amit Verma,"SQL,Data Analysis,Excel",4
Anita Verma,"SQL,Data Analysis,Excel",13
Sneha Reddy,"Mobile App Development,Flutter",1
Anita Gupta,"Mobile App Development,Flutter",2
Pooja Reddy,"Cyber Security,Ethical Hacking",2
Sneha Iyer,"Python,Machine Learning,Data Science",8
Amit Agarwal,"Web Development,React,Node",9
Priya Singh,"SQL,Data Analysis,Excel",12
Vikas Singh,"Web Development,React,Node",12
Neha Patel,"Java Backend,Spring Boot",13
Deepak Kumar,"Data Engineering,Spark,Hadoop",6
Deepak Singh,"SQL,Data Analysis,Excel",9
Arjun Mehta,"Python,Machine Learning,Data Science",9
Vikas Singh,"Cyber Security,Ethical Hacking",13
Sneha Sharma,"Python,Machine Learning,Data Science",14
Suresh Singh,"Java Backend,Spring Boot",15
Vikas Singh,"Web Development,React,Node",9
Sneha Agarwal,"Python,Machine Learning,Data Science",8
Neha Chopra,"Python,Machine Learning,Data Science",3
Vikas Chopra,"SQL,Data Analysis,Excel",7
Priya Patel,"Data Engineering,Spark,Hadoop",12
Pooja Iyer,"Web Development,React,Node",8
Arjun Gupta,"Data Engineering,Spark,Hadoop",8
Manish Kumar,"Java Backend,Spring Boot",2
Deepak Gupta,"Web Development,React,Node",1
Deepak Chopra,"Cloud Computing,AWS,Azure",12
Amit Chopra,"SQL,Data Analysis,Excel",8
Anita Mehta,"Mobile App Development,Flutter",2
Arjun Sharma,"Web Development,React,Node",13
Manish Das,"AI,Deep Learning,NLP",7
Kavita Sharma,"Data Engineering,Spark,Hadoop",8
Pooja Verma,"Python,Machine Learning,Data Science",1
Sneha Iyer,"Python,Machine Learning,Data Science",1
Amit Iyer,"Cloud Computing,AWS,Azure",1
Priya Gupta,"Mobile App Development,Flutter",6
Deepak Gupta,"Cyber Security,Ethical Hacking",13
Vikas Reddy,"Web Development,React,Node",10
Manish Verma,"Python,Machine Learning,Data Science",1
Kiran Chopra,"Data Engineering,Spark,Hadoop",11
Rohan Singh,"Web Development,React,Node",7
Anita Gupta,"Cyber Security,Ethical Hacking",14
Rohan Verma,"Java Backend,Spring Boot",11
Vikas Singh,"Cyber Security,Ethical Hacking",4
Amit Kumar,"AI,Deep Learning,NLP",7
Sneha Mehta,"Mobile App Development,Flutter",2
Neha Das,"Cyber Security,Ethical Hacking",8
Vikas Agarwal,"Mobile App Development,Flutter",11
Arjun Kumar,"Cloud Computing,AWS,Azure",11
Vikas Kumar,"Java Backend,Spring Boot",10
Neha Patel,"Cyber Security,Ethical Hacking",14
Suresh Gupta,"Web Development,React,Node",11
Pooja Reddy,"SQL,Data Analysis,Excel",13
Vikas Agarwal,"Web Development,React,Node",4
Kavita Kumar,"SQL,Data Analysis,Excel",4
Deepak Reddy,"AI,Deep Learning,NLP",3
Arjun Patel,"Cyber Security,Ethical Hacking",13
Sneha Singh,"Data Engineering,Spark,Hadoop",7
Rahul Gupta,"Data Engineering,Spark,Hadoop",10
Deepak Iyer,"Python,Machine Learning,Data Science",6
Kiran Singh,"Python,Machine Learning,Data Science",7
Kavita Chopra,"Cyber Security,Ethical Hacking",13
Priya Das,"Java Backend,Spring Boot",8
Manish Agarwal,"Web Development,React,Node",6
Manish Agarwal,"Java Backend,Spring Boot",8
Vikas Mehta,"DevOps,Docker,Kubernetes",14
Arjun Verma,"Mobile App Development,Flutter",13
Kavita Gupta,"Web Development,React,Node",1
Rohan Singh,"Java Backend,Spring Boot",8
Rahul Mehta,"Cyber Security,Ethical Hacking",6
Pooja Verma,"Cyber Security,Ethical Hacking",7
Priya Das,"Data Engineering,Spark,Hadoop",10
Vikas Kumar,"Java Backend,Spring Boot",3
Pooja Singh,"Data Engineering,Spark,Hadoop",6
Suresh Mehta,"Python,Machine Learning,Data Science",4
Rahul Patel,"SQL,Data Analysis,Excel",15
Suresh Mehta,"AI,Deep Learning,NLP",6
Manish Sharma,"Data Engineering,Spark,Hadoop",2
Rohan Singh,"DevOps,Docker,Kubernetes",6
Deepak Iyer,"Cyber Security,Ethical Hacking",14
Rohan Kumar,"SQL,Data Analysis,Excel",7
Amit Singh,"Web Development,React,Node",8
Manish Iyer,"Cloud Computing,AWS,Azure",15
Pooja Iyer,"Java Backend,Spring Boot",15
Rohan Patel,"Cloud Computing,AWS,Azure",11
Vikas Singh,"Web Development,React,Node",3
Rahul Chopra,"Python,Machine Learning,Data Science",2
Vikas Reddy,"Cyber Security,Ethical Hacking",6
Rahul Sharma,"SQL,Data Analysis,Excel",11
Kavita Verma,"Web Development,React,Node",13
Rahul Sharma,"Mobile App Development,Flutter",13
Rohan Singh,"Mobile App Development,Flutter",5
Rahul Kumar,"DevOps,Docker,Kubernetes",7
Kavita Verma,"Cloud Computing,AWS,Azure",7
Rohan Verma,"Mobile App Development,Flutter",5
Manish Mehta,"Web Development,React,Node",15
Arjun Agarwal,"Web Development,React,Node",9
Vikas Gupta,"Data Engineering,Spark,Hadoop",14
Arjun Reddy,"AI,Deep Learning,NLP",4
Rahul Iyer,"Mobile App Development,Flutter",2
Pooja Sharma,"Java Backend,Spring Boot",15
Anita Agarwal,"Cyber Security,Ethical Hacking",7
Neha Das,"Data Engineering,Spark,Hadoop",11
Deepak Singh,"Cyber Security,Ethical Hacking",7
Pooja Chopra,"Mobile App Development,Flutter",15
Sneha Kumar,"Web Development,React,Node",6
Rohan Agarwal,"SQL,Data Analysis,Excel",11
Amit Patel,"AI,Deep Learning,NLP",2
Priya Iyer,"SQL,Data Analysis,Excel",1
Kavita Iyer,"AI,Deep Learning,NLP",9
Rohan Reddy,"Cloud Computing,AWS,Azure",6
Rohan Verma,"DevOps,Docker,Kubernetes",5
Vikas Reddy,"Cyber Security,Ethical Hacking",7
Anita Iyer,"Cyber Security,Ethical Hacking",11
Arjun Singh,"Java Backend,Spring Boot",14
Kavita Reddy,"Python,Machine Learning,Data Science",10
Vikas Singh,"Java Backend,Spring Boot",12
Suresh Mehta,"DevOps,Docker,Kubernetes",3
Rahul Gupta,"Python,Machine Learning,Data Science",5
Deepak Gupta,"Web Development,React,Node",7
Kiran Patel,"SQL,Data Analysis,Excel",13
Neha Mehta,"SQL,Data Analysis,Excel",1
Kiran Kumar,"Cloud Computing,AWS,Azure",12
Sneha Agarwal,"Java Backend,Spring Boot",11
Sneha Kumar,"Cyber Security,Ethical Hacking",7
Kavita Singh,"AI,Deep Learning,NLP",8
Manish Agarwal,"Data Engineering,Spark,Hadoop",15
Anita Chopra,"Mobile App Development,Flutter",4
Sneha Verma,"SQL,Data Analysis,Excel",10
Arjun Patel,"SQL,Data Analysis,Excel",6
Rahul Das,"AI,Deep Learning,NLP",13
Manish Verma,"Java Backend,Spring Boot",3
Priya Kumar,"Data Engineering,Spark,Hadoop",5
Kavita Agarwal,"Web Development,React,Node",10
Arjun Gupta,"DevOps,Docker,Kubernetes",8
Sneha Kumar,"Cloud Computing,AWS,Azure",10
Anita Verma,"Web Development,React,Node",12
Priya Iyer,"AI,Deep Learning,NLP",12
Suresh Reddy,"Cyber Security,Ethical Hacking",7
Neha Reddy,"DevOps,Docker,Kubernetes",6
Kavita Kumar,"Python,Machine Learning,Data Science",13
Priya Iyer,"Cyber Security,Ethical Hacking",8
Priya Sharma,"Python,Machine Learning,Data Science",7
Deepak Das,"Data Engineering,Spark,Hadoop",4
Rohan Das,"AI,Deep Learning,NLP",3
Amit Chopra,"Python,Machine Learning,Data Science",3
Arjun Kumar,"Cloud Computing,AWS,Azure",15
Arjun Singh,"SQL,Data Analysis,Excel",13
Manish Agarwal,"SQL,Data Analysis,Excel",6
Vikas Agarwal,"Data Engineering,Spark,Hadoop",4
Arjun Iyer,"SQL,Data Analysis,Excel",14
Rohan Patel,"SQL,Data Analysis,Excel",9
Deepak Reddy,"Python,Machine Learning,Data Science",15
Arjun Gupta,"AI,Deep Learning,NLP",1
Kiran Kumar,"Cloud Computing,AWS,Azure",10
Kavita Kumar,"Java Backend,Spring Boot",8
Neha Gupta,"Cyber Security,Ethical Hacking",1
Vikas Iyer,"SQL,Data Analysis,Excel",4
Kiran Iyer,"Web Development,React,Node",12
Manish Kumar,"Data Engineering,Spark,Hadoop",12
Sneha Mehta,"Cyber Security,Ethical Hacking",10
Anita Das,"Python,Machine Learning,Data Science",14
Vikas Reddy,"SQL,Data Analysis,Excel",14
Arjun Sharma,"Java Backend,Spring Boot",10
Rahul Mehta,"Web Development,React,Node",15
Rahul Chopra,"AI,Deep Learning,NLP",14
Neha Verma,"Java Backend,Spring Boot",14
Amit Das,"SQL,Data Analysis,Excel",2
Suresh Mehta,"Cyber Security,Ethical Hacking",6
Suresh Sharma,"Data Engineering,Spark,Hadoop",9
Manish Reddy,"DevOps,Docker,Kubernetes",5
Neha Gupta,"Mobile App Development,Flutter",9
Amit Gupta,"Data Engineering,Spark,Hadoop",2
Kiran Das,"Mobile App Development,Flutter",15
Deepak Kumar,"Java Backend,Spring Boot",1
Pooja Mehta,"Cloud Computing,AWS,Azure",11
Sneha Chopra,"Cyber Security,Ethical Hacking",14
Anita Sharma,"Python,Machine Learning,Data Science",3
Kiran Patel,"Web Development,React,Node",10
Kavita Gupta,"Mobile App Development,Flutter",14
Priya Patel,"AI,Deep Learning,NLP",6
Rahul Verma,"Cyber Security,Ethical Hacking",15
Sneha Chopra,"Cyber Security,Ethical Hacking",13
Deepak Mehta,"AI,Deep Learning,NLP",10
Arjun Patel,"Python,Machine Learning,Data Science",10
Priya Agarwal,"Python,Machine Learning,Data Science",4
Manish Singh,"Java Backend,Spring Boot",2
Neha Das,"AI,Deep Learning,NLP",4
Kavita Gupta,"Cloud Computing,AWS,Azure",8
Suresh Kumar,"Cloud Computing,AWS,Azure",3
Manish Gupta,"Data Engineering,Spark,Hadoop",11
Rohan Agarwal,"Mobile App Development,Flutter",9
Manish Mehta,"Java Backend,Spring Boot",13
Rahul Iyer,"Python,Machine Learning,Data Science",9
Kiran Sharma,"Web Development,React,Node",8
Neha Kumar,"AI,Deep Learning,NLP",8
Rohan Sharma,"DevOps,Docker,Kubernetes",5
Suresh Patel,"Mobile App Development,Flutter",3
Neha Mehta,"DevOps,Docker,Kubernetes",12
Amit Reddy,"Cyber Security,Ethical Hacking",8
Kiran Verma,"DevOps,Docker,Kubernetes",12
Rahul Iyer,"Mobile App Development,Flutter",1
Kiran Sharma,"Python,Machine Learning,Data Science",15
Arjun Singh,"Java Backend,Spring Boot",6
Amit Agarwal,"Cloud Computing,AWS,Azure",3
Suresh Gupta,"Web Development,React,Node",10
Arjun Verma,"Java Backend,Spring Boot",9
Priya Kumar,"Cloud Computing,AWS,Azure",8
Arjun Patel,"DevOps,Docker,Kubernetes",12
Kiran Agarwal,"AI,Deep Learning,NLP",11
Rahul Patel,"Python,Machine Learning,Data Science",11
Deepak Agarwal,"SQL,Data Analysis,Excel",14
Vikas Sharma,"Web Development,React,Node",1
Sneha Singh,"SQL,Data Analysis,Excel",4
Deepak Reddy,"Java Backend,Spring Boot",15
Neha Reddy,"Cyber Security,Ethical Hacking",6
Sneha Sharma,"Cyber Security,Ethical Hacking",7
Deepak Sharma,"Python,Machine Learning,Data Science",3
Deepak Mehta,"Web Development,React,Node",14
Anita Verma,"AI,Deep Learning,NLP",13
Kiran Agarwal,"Cloud Computing,AWS,Azure",13
Neha Chopra,"SQL,Data Analysis,Excel",13
Priya Reddy,"Python,Machine Learning,Data Science",10
Pooja Mehta,"SQL,Data Analysis,Excel",13
Suresh Das,"DevOps,Docker,Kubernetes",5
Deepak Sharma,"Java Backend,Spring Boot",6
Neha Das,"Web Development,React,Node",9
Vikas Agarwal,"Java Backend,Spring Boot",13
Pooja Das,"Web Development,React,Node",12
Pooja Mehta,"Java Backend,Spring Boot",9
Amit Verma,"Java Backend,Spring Boot",1
Manish Das,"Mobile App Development,Flutter",4
Pooja Mehta,"Web Development,React,Node",5
Deepak Agarwal,"SQL,Data Analysis,Excel",15
Kiran Gupta,"Java Backend,Spring Boot",7
Vikas Gupta,"Web Development,React,Node",7
Rahul Chopra,"Web Development,React,Node",4
Sneha Gupta,"AI,Deep Learning,NLP",10
Rohan Iyer,"DevOps,Docker,Kubernetes",8
Kiran Mehta,"Cloud Computing,AWS,Azure",9
Neha Iyer,"Data Engineering,Spark,Hadoop",7
Kavita Chopra,"Web Development,React,Node",10
Kiran Mehta,"AI,Deep Learning,NLP",4
Pooja Agarwal,"Web Development,React,Node",13
Rahul Verma,"Cloud Computing,AWS,Azure",11
Deepak Reddy,"Java Backend,Spring Boot",14
Rohan Sharma,"Web Development,React,Node",14
Rahul Verma,"DevOps,Docker,Kubernetes",12
Anita Verma,"Python,Machine Learning,Data Science",13
Kavita Gupta,"Data Engineering,Spark,Hadoop",1
Priya Das,"Cyber Security,Ethical Hacking",1
Kavita Chopra,"AI,Deep Learning,NLP",2
Vikas Kumar,"Cyber Security,Ethical Hacking",8
Deepak Patel,"Web Development,React,Node",13
Suresh Kumar,"Mobile App Development,Flutter",4
Amit Kumar,"DevOps,Docker,Kubernetes",10
Kavita Kumar,"Cyber Security,Ethical Hacking",13
Arjun Verma,"Cloud Computing,AWS,Azure",4
Arjun Sharma,"Cyber Security,Ethical Hacking",10
Amit Singh,"Java Backend,Spring Boot",1
Suresh Das,"Cyber Security,Ethical Hacking",11
Sneha Sharma,"Cloud Computing,AWS,Azure",9
Deepak Agarwal,"Cyber Security,Ethical Hacking",6
Vikas Chopra,"Cyber Security,Ethical Hacking",13
Anita Agarwal,"Python,Machine Learning,Data Science",8
Deepak Iyer,"DevOps,Docker,Kubernetes",8
Kiran Iyer,"Mobile App Development,Flutter",8
Arjun Patel,"Cloud Computing,AWS,Azure",1
Deepak Reddy,"Web Development,React,Node",4
Arjun Iyer,"SQL,Data Analysis,Excel",12
Rahul Singh,"Python,Machine Learning,Data Science",5
Sneha Gupta,"Web Development,React,Node",12
Anita Gupta,"Java Backend,Spring Boot",11
Anita Agarwal,"SQL,Data Analysis,Excel",3
Rohan Chopra,"Cloud Computing,AWS,Azure",13
Arjun Chopra,"DevOps,Docker,Kubernetes",3
Kiran Gupta,"SQL,Data Analysis,Excel",6
Vikas Singh,"Web Development,React,Node",13
Anita Patel,"Web Development,React,Node",8
Suresh Sharma,"Mobile App Development,Flutter",3
Pooja Iyer,"DevOps,Docker,Kubernetes",14
Vikas Reddy,"Python,Machine Learning,Data Science",2
Priya Singh,"Java Backend,Spring Boot",4
Suresh Singh,"AI,Deep Learning,NLP",10
Arjun Das,"Java Backend,Spring Boot",12
Vikas Verma,"DevOps,Docker,Kubernetes",14
Rahul Kumar,"DevOps,Docker,Kubernetes",6
Amit Das,"AI,Deep Learning,NLP",1
Neha Agarwal,"Cloud Computing,AWS,Azure",10
Arjun Kumar,"DevOps,Docker,Kubernetes",15
Manish Verma,"AI,Deep Learning,NLP",13
Vikas Kumar,"Mobile App Development,Flutter",9
Rohan Sharma,"Java Backend,Spring Boot",6
Anita Verma,"AI,Deep Learning,NLP",4
Neha Das,"Cloud Computing,AWS,Azure",5
Rahul Patel,"DevOps,Docker,Kubernetes",11
Anita Das,"Python,Machine Learning,Data Science",6
Pooja Das,"Cloud Computing,AWS,Azure",5
Deepak Mehta,"Cloud Computing,AWS,Azure",3
Anita Gupta,"Mobile App Development,Flutter",15
Sneha Iyer,"Java Backend,Spring Boot",15
Amit Iyer,"Web Development,React,Node",3
Kiran Iyer,"AI,Deep Learning,NLP",1
Arjun Gupta,"Cyber Security,Ethical Hacking",15
Suresh Agarwal,"Data Engineering,Spark,Hadoop",5
Deepak Sharma,"DevOps,Docker,Kubernetes",11
Rahul Sharma,"Cyber Security,Ethical Hacking",7
Suresh Das,"Cyber Security,Ethical Hacking",8
Pooja Sharma,"SQL,Data Analysis,Excel",11
Amit Patel,"Mobile App Development,Flutter",3
Suresh Iyer,"Data Engineering,Spark,Hadoop",1
Manish Iyer,"Data Engineering,Spark,Hadoop",9
Arjun Verma,"Java Backend,Spring Boot",15
Neha Singh,"Cloud Computing,AWS,Azure",1
Arjun Iyer,"DevOps,Docker,Kubernetes",3
Pooja Verma,"Cloud Computing,AWS,Azure",14
Rohan Kumar,"AI,Deep Learning,NLP",2
Vikas Sharma,"DevOps,Docker,Kubernetes",15
Sneha Patel,"SQL,Data Analysis,Excel",3
Kiran Chopra,"AI,Deep Learning,NLP",4
Sneha Kumar,"SQL,Data Analysis,Excel",8
Kiran Kumar,"Python,Machine Learning,Data Science",12
Suresh Chopra,"Web Development,React,Node",5
Rohan Kumar,"Cloud Computing,AWS,Azure",2
Sneha Reddy,"Cyber Security,Ethical Hacking",1
Suresh Das,"Python,Machine Learning,Data Science",10
Rohan Kumar,"DevOps,Docker,Kubernetes",14
Deepak Kumar,"AI,Deep Learning,NLP",6
Kavita Das,"Java Backend,Spring Boot",9
Suresh Chopra,"AI,Deep Learning,NLP",13
Kavita Reddy,"Data Engineering,Spark,Hadoop",6
Rahul Kumar,"Cyber Security,Ethical Hacking",1
Manish Das,"Data Engineering,Spark,Hadoop",4
Kiran Agarwal,"Data Engineering,Spark,Hadoop",1
Anita Patel,"AI,Deep Learning,NLP",8
Rahul Das,"Data Engineering,Spark,Hadoop",14
Deepak Kumar,"SQL,Data Analysis,Excel",12
Amit Chopra,"SQL,Data Analysis,Excel",5
Suresh Gupta,"Mobile App Development,Flutter",15
Arjun Sharma,"Cloud Computing,AWS,Azure",6
Pooja Kumar,"Data Engineering,Spark,Hadoop",2
Neha Chopra,"Python,Machine Learning,Data Science",6
Sneha Chopra,"SQL,Data Analysis,Excel",3
Rohan Das,"AI,Deep Learning,NLP",15
Anita Patel,"SQL,Data Analysis,Excel",4
Priya Agarwal,"DevOps,Docker,Kubernetes",12
Rohan Sharma,"Python,Machine Learning,Data Science",9
Kiran Kumar,"AI,Deep Learning,NLP",14
Kiran Reddy,"Web Development,React,Node",11
Neha Kumar,"SQL,Data Analysis,Excel",14
Anita Mehta,"AI,Deep Learning,NLP",1
Arjun Kumar,"Java Backend,Spring Boot",15
Deepak Gupta,"Python,Machine Learning,Data Science",13
Sneha Singh,"DevOps,Docker,Kubernetes",11
Amit Sharma,"Mobile App Development,Flutter",2
Vikas Verma,"Python,Machine Learning,Data Science",4
Priya Patel,"Data Engineering,Spark,Hadoop",4
Priya Kumar,"AI,Deep Learning,NLP",6
Neha Patel,"Data Engineering,Spark,Hadoop",8
Suresh Reddy,"Python,Machine Learning,Data Science",7
Vikas Reddy,"SQL,Data Analysis,Excel",10
Rahul Mehta,"AI,Deep Learning,NLP",6
Sneha Mehta,"Cyber Security,Ethical Hacking",13
Sneha Mehta,"Python,Machine Learning,Data Science",13
Sneha Mehta,"Python,Machine Learning,Data Science",8
Priya Reddy,"Web Development,React,Node",15
Vikas Patel,"SQL,Data Analysis,Excel",9
Priya Singh,"Mobile App Development,Flutter",2
Rohan Reddy,"Web Development,React,Node",13
Manish Gupta,"Data Engineering,Spark,Hadoop",12
Deepak Chopra,"Java Backend,Spring Boot",6
Anita Iyer,"Cyber Security,Ethical Hacking",12
Vikas Kumar,"Data Engineering,Spark,Hadoop",6
Rohan Sharma,"Java Backend,Spring Boot",15
Sneha Iyer,"Web Development,React,Node",13
Manish Sharma,"Mobile App Development,Flutter",15
Kiran Kumar,"Cyber Security,Ethical Hacking",5
Anita Agarwal,"Java Backend,Spring Boot",12
Pooja Reddy,"Python,Machine Learning,Data Science",6
Suresh Sharma,"Data Engineering,Spark,Hadoop",7
Pooja Kumar,"Cyber Security,Ethical Hacking",5
Anita Singh,"DevOps,Docker,Kubernetes",3
Rahul Mehta,"Mobile App Development,Flutter",2
Anita Gupta,"Web Development,React,Node",15
Vikas Singh,"Mobile App Development,Flutter",8
Priya Reddy,"Web Development,React,Node",4
Rohan Agarwal,"Java Backend,Spring Boot",13
Arjun Gupta,"Cloud Computing,AWS,Azure",14
Priya Singh,"Mobile App Development,Flutter",9
Priya Patel,"Python,Machine Learning,Data Science",7
Kiran Sharma,"DevOps,Docker,Kubernetes",1
Manish Das,"Web Development,React,Node",7
Kiran Verma,"Web Development,React,Node",4
Manish Sharma,"Data Engineering,Spark,Hadoop",11
Neha Iyer,"Python,Machine Learning,Data Science",4
Suresh Sharma,"Mobile App Development,Flutter",4
Manish Patel,"SQL,Data Analysis,Excel",5
Deepak Chopra,"Java Backend,Spring Boot",7
Anita Agarwal,"AI,Deep Learning,NLP",5
Priya Gupta,"Data Engineering,Spark,Hadoop",15
Anita Reddy,"Data Engineering,Spark,Hadoop",4
Priya Chopra,"Cyber Security,Ethical Hacking",14
Deepak Singh,"Cloud Computing,AWS,Azure",3
Kiran Verma,"SQL,Data Analysis,Excel",8
Suresh Patel,"AI,Deep Learning,NLP",10
Rahul Chopra,"SQL,Data Analysis,Excel",4
Sneha Agarwal,"Mobile App Development,Flutter",8
Suresh Gupta,"Python,Machine Learning,Data Science",13
Rohan Gupta,"Java Backend,Spring Boot",7
Vikas Singh,"Python,Machine Learning,Data Science",14
Pooja Iyer,"DevOps,Docker,Kubernetes",6
Kavita Agarwal,"Web Development,React,Node",10
Sneha Verma,"SQL,Data Analysis,Excel",8
Sneha Mehta,"AI,Deep Learning,NLP",13
Arjun Kumar,"Python,Machine Learning,Data Science",15
Rohan Verma,"Mobile App Development,Flutter",14
Rahul Patel,"Python,Machine Learning,Data Science",10
Rahul Patel,"SQL,Data Analysis,Excel",13
Rohan Reddy,"Data Engineering,Spark,Hadoop",6
Rohan Das,"Python,Machine Learning,Data Science",14
Vikas Agarwal,"Mobile App Development,Flutter",15
Kavita Reddy,"Web Development,React,Node",13
Neha Gupta,"DevOps,Docker,Kubernetes",15
Amit Das,"Python,Machine Learning,Data Science",11
Arjun Patel,"Mobile App Development,Flutter",15
Sneha Iyer,"SQL,Data Analysis,Excel",8
Manish Das,"Java Backend,Spring Boot",6
Rahul Sharma,"Mobile App Development,Flutter",3
Kiran Iyer,"Cloud Computing,AWS,Azure",2
Priya Mehta,"AI,Deep Learning,NLP",14
Pooja Kumar,"Cloud Computing,AWS,Azure",11
Sneha Iyer,"Data Engineering,Spark,Hadoop",2
Amit Singh,"Mobile App Development,Flutter",1
Sneha Das,"SQL,Data Analysis,Excel",4
Manish Das,"Cloud Computing,AWS,Azure",2
Priya Gupta,"SQL,Data Analysis,Excel",14
Anita Gupta,"Cloud Computing,AWS,Azure",10
Kavita Sharma,"AI,Deep Learning,NLP",12
Neha Chopra,"Python,Machine Learning,Data Science",14
Kiran Singh,"Data Engineering,Spark,Hadoop",1
Priya Gupta,"Cyber Security,Ethical Hacking",12
Sneha Chopra,"Mobile App Development,Flutter",5
Vikas Chopra,"Data Engineering,Spark,Hadoop",9
Suresh Das,"Java Backend,Spring Boot",7
Pooja Singh,"Mobile App Development,Flutter",15
Priya Kumar,"Cyber Security,Ethical Hacking",6
Anita Agarwal,"Java Backend,Spring Boot",4
Priya Patel,"Data Engineering,Spark,Hadoop",8
Neha Mehta,"Java Backend,Spring Boot",14
Kiran Patel,"Data Engineering,Spark,Hadoop",3
Kavita Reddy,"DevOps,Docker,Kubernetes",14
Rohan Agarwal,"Mobile App Development,Flutter",15
Rahul Iyer,"Cyber Security,Ethical Hacking",6
Anita Kumar,"Mobile App Development,Flutter",15
Suresh Chopra,"Cloud Computing,AWS,Azure",12
Deepak Mehta,"SQL,Data Analysis,Excel",11
Anita Agarwal,"Cloud Computing,AWS,Azure",4
Kiran Iyer,"Cloud Computing,AWS,Azure",11
Anita Iyer,"Data Engineering,Spark,Hadoop",14
Deepak Verma,"Python,Machine Learning,Data Science",6
Vikas Mehta,"Mobile App Development,Flutter",2
Deepak Reddy,"Web Development,React,Node",7
Rohan Gupta,"Cyber Security,Ethical Hacking",6
Sneha Kumar,"AI,Deep Learning,NLP",5
Kiran Singh,"Cyber Security,Ethical Hacking",7
Rahul Chopra,"DevOps,Docker,Kubernetes",6
Pooja Agarwal,"AI,Deep Learning,NLP",1
Priya Patel,"DevOps,Docker,Kubernetes",2
Arjun Mehta,"DevOps,Docker,Kubernetes",9
Kavita Singh,"Java Backend,Spring Boot",2
Priya Agarwal,"Cloud Computing,AWS,Azure",6
Neha Sharma,"Python,Machine Learning,Data Science",9
Rohan Kumar,"Cyber Security,Ethical Hacking",4
Manish Das,"Java Backend,Spring Boot",2
Priya Kumar,"Python,Machine Learning,Data Science",5
Manish Patel,"SQL,Data Analysis,Excel",12
Suresh Iyer,"Mobile App Development,Flutter",10
Kiran Sharma,"Python,Machine Learning,Data Science",9
Sneha Chopra,"SQL,Data Analysis,Excel",6
Vikas Singh,"AI,Deep Learning,NLP",5
Amit Mehta,"Data Engineering,Spark,Hadoop",10
Rahul Chopra,"Mobile App Development,Flutter",14
Deepak Iyer,"Java Backend,Spring Boot",13
Pooja Patel,"Python,Machine Learning,Data Science",1
Suresh Kumar,"SQL,Data Analysis,Excel",7
Deepak Mehta,"DevOps,Docker,Kubernetes",15
Deepak Reddy,"Web Development,React,Node",1
Pooja Reddy,"Cyber Security,Ethical Hacking",5
Manish Mehta,"Cyber Security,Ethical Hacking",8
Manish Kumar,"Python,Machine Learning,Data Science",13
Vikas Agarwal,"SQL,Data Analysis,Excel",1
Sneha Sharma,"DevOps,Docker,Kubernetes",13
Rahul Das,"Mobile App Development,Flutter",14
Kavita Iyer,"Cyber Security,Ethical Hacking",4
Deepak Chopra,"Web Development,React,Node",13
Suresh Kumar,"Mobile App Development,Flutter",14
Pooja Patel,"Cyber Security,Ethical Hacking",13
Rohan Patel,"AI,Deep Learning,NLP",9
Pooja Das,"Web Development,React,Node",6
Deepak Verma,"Python,Machine Learning,Data Science",3
Anita Sharma,"Web Development,React,Node",2
Suresh Sharma,"Web Development,React,Node",12
Kiran Iyer,"Web Development,React,Node",5
Suresh Reddy,"Java Backend,Spring Boot",14
Rohan Iyer,"Data Engineering,Spark,Hadoop",13
Priya Gupta,"Cloud Computing,AWS,Azure",1
Manish Patel,"SQL,Data Analysis,Excel",2
Kavita Sharma,"SQL,Data Analysis,Excel",3
Kiran Iyer,"SQL,Data Analysis,Excel",10
Pooja Chopra,"SQL,Data Analysis,Excel",11
Sneha Kumar,"Java Backend,Spring Boot",1
Anita Singh,"AI,Deep Learning,NLP",5
Sneha Patel,"Java Backend,Spring Boot",15
Rohan Kumar,"Mobile App Development,Flutter",15
Arjun Sharma,"SQL,Data Analysis,Excel",11
Pooja Verma,"DevOps,Docker,Kubernetes",13
Rohan Singh,"Python,Machine Learning,Data Science",3
Suresh Agarwal,"Web Development,React,Node",8
Deepak Gupta,"Data Engineering,Spark,Hadoop",14
Sneha Das,"Web Development,React,Node",11
Neha Chopra,"Java Backend,Spring Boot",8
Pooja Singh,"Web Development,React,Node",7
Sneha Patel,"Data Engineering,Spark,Hadoop",10
Pooja Reddy,"Cloud Computing,AWS,Azure",7
Amit Das,"Python,Machine Learning,Data Science",1
Priya Das,"SQL,Data Analysis,Excel",14
Deepak Kumar,"Python,Machine Learning,Data Science",2
Pooja Iyer,"Java Backend,Spring Boot",6
Rahul Agarwal,"Cloud Computing,AWS,Azure",15
Arjun Mehta,"Cloud Computing,AWS,Azure",11
Vikas Sharma,"Java Backend,Spring Boot",4
Sneha Kumar,"Data Engineering,Spark,Hadoop",5
Sneha Patel,"Data Engineering,Spark,Hadoop",9
Suresh Patel,"Data Engineering,Spark,Hadoop",3
Kiran Patel,"Web Development,React,Node",14
Vikas Verma,"Web Development,React,Node",12
Anita Verma,"AI,Deep Learning,NLP",3
Vikas Iyer,"SQL,Data Analysis,Excel",9
Anita Reddy,"Python,Machine Learning,Data Science",5
Kavita Sharma,"Java Backend,Spring Boot",2
Vikas Iyer,"Cyber Security,Ethical Hacking",3
Sneha Singh,"Data Engineering,Spark,Hadoop",3
Deepak Patel,"Web Development,React,Node",15
Arjun Verma,"SQL,Data Analysis,Excel",3
Priya Mehta,"SQL,Data Analysis,Excel",14
Kavita Agarwal,"Cloud Computing,AWS,Azure",15
Neha Sharma,"Python,Machine Learning,Data Science",10
Kavita Das,"AI,Deep Learning,NLP",7
Arjun Patel,"DevOps,Docker,Kubernetes",7
Deepak Kumar,"Java Backend,Spring Boot",4
Anita Agarwal,"Cloud Computing,AWS,Azure",6
Deepak Gupta,"DevOps,Docker,Kubernetes",13
Vikas Sharma,"Data Engineering,Spark,Hadoop",15
Kiran Iyer,"Cloud Computing,AWS,Azure",7
Vikas Mehta,"Web Development,React,Node",3
Neha Verma,"Web Development,React,Node",4
Pooja Reddy,"Java Backend,Spring Boot",14
Sneha Gupta,"SQL,Data Analysis,Excel",8
Priya Iyer,"Cloud Computing,AWS,Azure",8
Rahul Patel,"Cyber Security,Ethical Hacking",14
Kiran Chopra,"AI,Deep Learning,NLP",2
Kavita Singh,"Cyber Security,Ethical Hacking",2
Vikas Mehta,"SQL,Data Analysis,Excel",2
Suresh Iyer,"AI,Deep Learning,NLP",7
Vikas Iyer,"Data Engineering,Spark,Hadoop",3
Priya Das,"Python,Machine Learning,Data Science",1
Manish Gupta,"Cyber Security,Ethical Hacking",3
Arjun Chopra,"Cloud Computing,AWS,Azure",2
Suresh Verma,"Data Engineering,Spark,Hadoop",14
Deepak Agarwal,"Cyber Security,Ethical Hacking",7
Sneha Kumar,"Java Backend,Spring Boot",3
Arjun Reddy,"Python,Machine Learning,Data Science",9
Anita Gupta,"SQL,Data Analysis,Excel",12
Kavita Kumar,"AI,Deep Learning,NLP",11
Rahul Kumar,"AI,Deep Learning,NLP",1
Rahul Patel,"Java Backend,Spring Boot",7
Neha Singh,"Python,Machine Learning,Data Science",4
Priya Sharma,"Mobile App Development,Flutter",15
Amit Kumar,"SQL,Data Analysis,Excel",12
Pooja Gupta,"Data Engineering,Spark,Hadoop",9
Deepak Reddy,"Cyber Security,Ethical Hacking",2
Rahul Singh,"Python,Machine Learning,Data Science",12
Anita Agarwal,"Web Development,React,Node",14
Pooja Verma,"Web Development,React,Node",10
Amit Verma,"Java Backend,Spring Boot",14
Vikas Agarwal,"SQL,Data Analysis,Excel",3
Neha Iyer,"Web Development,React,Node",13
Amit Iyer,"Cloud Computing,AWS,Azure",5
Priya Iyer,"Mobile App Development,Flutter",1
Priya Iyer,"AI,Deep Learning,NLP",5
Sneha Sharma,"SQL,Data Analysis,Excel",11
Rahul Kumar,"Python,Machine Learning,Data Science",7
Rahul Chopra,"AI,Deep Learning,NLP",7
Suresh Mehta,"DevOps,Docker,Kubernetes",13
Arjun Verma,"AI,Deep Learning,NLP",9
Anita Gupta,"SQL,Data Analysis,Excel",15
Vikas Mehta,"Java Backend,Spring Boot",3
Kavita Patel,"Python,Machine Learning,Data Science",14
Amit Sharma,"AI,Deep Learning,NLP",13
Priya Chopra,"DevOps,Docker,Kubernetes",15
Anita Singh,"Data Engineering,Spark,Hadoop",8
Priya Agarwal,"Python,Machine Learning,Data Science",11
Priya Kumar,"DevOps,Docker,Kubernetes",7
Manish Singh,"Cloud Computing,AWS,Azure",6
Suresh Chopra,"Mobile App Development,Flutter",3
Neha Kumar,"Mobile App Development,Flutter",7
Anita Gupta,"Web Development,React,Node",9
Deepak Agarwal,"DevOps,Docker,Kubernetes",10
Anita Verma,"AI,Deep Learning,NLP",11
Suresh Mehta,"SQL,Data Analysis,Excel",4
Manish Agarwal,"Data Engineering,Spark,Hadoop",1
Pooja Chopra,"SQL,Data Analysis,Excel",1
Vikas Agarwal,"Python,Machine Learning,Data Science",10
Suresh Patel,"DevOps,Docker,Kubernetes",13
Priya Reddy,"Cloud Computing,AWS,Azure",1
Pooja Singh,"Java Backend,Spring Boot",4
Arjun Agarwal,"Mobile App Development,Flutter",7
Pooja Singh,"SQL,Data Analysis,Excel",7
Anita Das,"Python,Machine Learning,Data Science",11
Anita Sharma,"Java Backend,Spring Boot",10
Kavita Kumar,"DevOps,Docker,Kubernetes",13
Vikas Patel,"SQL,Data Analysis,Excel",4
Anita Gupta,"Python,Machine Learning,Data Science",9
Anita Verma,"DevOps,Docker,Kubernetes",3
Amit Reddy,"Cyber Security,Ethical Hacking",4
Pooja Reddy,"Python,Machine Learning,Data Science",6
Manish Gupta,"Cyber Security,Ethical Hacking",3
Neha Chopra,"Data Engineering,Spark,Hadoop",9
Manish Sharma,"Python,Machine Learning,Data Science",5
Suresh Iyer,"Cyber Security,Ethical Hacking",1
Arjun Sharma,"Java Backend,Spring Boot",14
